error_idx,row_idx,col,error_type,action,original_action,dirty_value,result_value,state_error_type,state_feature_importance,state_distance_to_boundary,state_row_position,state_col_index,state_col_error_rate,state_sample_retention,state_var_retention,state_remaining_budget_ratio,state_remaining_errors_ratio,stage1_action,stage2_action,stage1_q_0,stage1_q_1,stage1_q_2,stage2_q_0,stage2_q_1
0,0,3,0,2,2,,,0.0,0.13653749227523804,0.23999999463558197,0.0,0.4285714328289032,0.5,1.0,1.0,0.0,1.0,1,,-0.10548017919063568,-0.03238360956311226,-0.13187530636787415,0.19279567897319794,0.22039449214935303
1,20,6,1,2,2,1.1137637264649798,,0.3333333432674408,0.11238360404968262,0.5600000023841858,0.008316008374094963,0.8571428656578064,0.5,0.9995843768119812,0.9996851682662964,0.0,0.5,1,,-0.12194585800170898,-0.003629688173532486,-0.1555166244506836,0.13336588442325592,0.20282916724681854
